booktitle,booklink
Do it! 점프 투 파이썬,/Product/Goods/74419916
혼자 공부하는 파이썬,/Product/Goods/74269975
혼자 공부하는 머신러닝+딥러닝,/Product/Goods/96024871
1일 1로그 100일 완성 IT 지식,/Product/Goods/105803863
만들면서 배우는 파이썬과 40개의 작품들,/Product/Goods/107490270
이것이 취업을 위한 코딩 테스트다 with 파이썬 ,/Product/Goods/91433923
Black Hat Python 2/e,/Product/Goods/108802330
핸즈온 머신러닝,/Product/Goods/89959711
밑바닥부터 시작하는 딥러닝 ,/Product/Goods/34970929
파이썬 머신러닝 완벽 가이드,/Product/Goods/108824557
배워서 바로 써먹는 데이터 분석 with 파이썬,/Product/Goods/108787259
파이썬 알고리즘 인터뷰,/Product/Goods/91084402
두근두근 파이썬,/Product/Goods/35279965
Do it! 자료구조와 함께 배우는 알고리즘 입문 : 파이썬 편,/Product/Goods/91219874
파이썬을 이용한 통계분석,/Product/Goods/108851761
모두의 데이터 분석 with 파이썬,/Product/Goods/72227684
Do it! 파이썬 생활 프로그래밍,/Product/Goods/91437485
파이썬 for Beginner,/Product/Goods/105673484
파이썬을 이용한 딥러닝/강화학습 주식투자,/Product/Goods/108251432
Do it! 첫 파이썬,/Product/Goods/89904189
파워 유저를 위한 파이썬 EXPRESS,/Product/Goods/95784557
Do it! 첫 코딩 with 파이썬,/Product/Goods/96580456
모두의 파이썬,/Product/Goods/66531799
암호화폐 자동매매 시스템 만들기 with 파이썬,/Product/Goods/107635612
