newscategory,newstitle
사회,김오수, 警 수사지휘 부활, 檢 수사권 박탈 논의 가능.."국회 출석 기회를"
경제,'2700 회복' 코스피, 0.9% 상승..삼성전자·하이닉스 강세[개장시황]
국제,'세계의 지붕' 티베트에 눈독 들이는 중국, 왜? [허세민의 더 나은 지구]
경제,"한 달 동안 직접 중고차 타보고 구매하세요"[친절한 경제]
국제,마크롱 "부차 학살 이후 푸틴과 대화 정지돼"
정치,김인철 사회부총리 후보자, 과거 군 복무하며 대학원 다녀
문화,"사회적 거리두기 끝" 강원도, 국내외 관광 마케팅 본격 재개
국제,'햄버거 vs 크랩 케이크'..바이든, 5월 방일 전 방한?[월드리포트]
정치,北, 南 유감 표명에도 금강산 철거 속도전..열병식 준비도 지속
정치,송영길 "尹, 정호영 옹호하면 지지 무너질 것..조국처럼 하라"
국제,'포스트 팬데믹' 美최대공항 무인전철 연중무휴 달린다
정치,문 대통령, 임기 마지막 4·19 민주묘지 참배
정치,대한적십자사, 국내 입국 우크라 피란민에 10억원 지원
문화,제주올레·해파랑길·갈맷길..걷기여행에 빠지다
정치,관사 테크에 기무 부활 조짐까지..군심 때리는 국방장관 후보[취재파일]
정치,文대통령 '검수완박' 김오수 총장에 모호한 말만..진짜 속뜻 뭘까
정치,尹당선인, 오늘 4·19혁명 기념식 참석..재난 피해자들과 오찬도
정치,윤호중 "(되더라도) 한덕수는 허수아비 대독 총리, 한동훈은 검찰 공화국 완성하는 키맨 될 것"[최강시사]
국제,대만도 코로나19 확진자 급증..통제냐 완화냐 '고심'
국제,"우크라군도 국제법상 금지된 집속탄 전투에 사용" NYT
